none,[]
0,"[0.07784431137724551, 0.098, 0.118, 0.1, 0.08, 0.102, 0.078, 0.102, 0.07, 0.112, 0.078, 0.118, 0.106, 0.098, 0.082, 0.116, 0.134, 0.098, 0.102, 0.10420841683366733]"
1,"[0.07784431137724551, 0.082, 0.118, 0.1, 0.13, 0.104, 0.1, 0.094, 0.07, 0.098, 0.078, 0.092, 0.12, 0.098, 0.092, 0.116, 0.134, 0.092, 0.102, 0.10420841683366733]"
2,"[0.07784431137724551, 0.082, 0.118, 0.1, 0.146, 0.102, 0.1, 0.094, 0.07, 0.098, 0.078, 0.092, 0.12, 0.098, 0.092, 0.116, 0.134, 0.092, 0.102, 0.10420841683366733]"
3,"[0.07784431137724551, 0.098, 0.14, 0.1, 0.13, 0.102, 0.1, 0.158, 0.07, 0.192, 0.078, 0.092, 0.12, 0.098, 0.156, 0.116, 0.134, 0.092, 0.178, 0.10420841683366733]"
4,"[0.07984031936127745, 0.082, 0.154, 0.162, 0.13, 0.128, 0.1, 0.11, 0.106, 0.13, 0.088, 0.182, 0.226, 0.124, 0.178, 0.132, 0.222, 0.092, 0.16, 0.18837675350701402]"
5,"[0.15568862275449102, 0.218, 0.216, 0.198, 0.204, 0.188, 0.174, 0.192, 0.148, 0.144, 0.202, 0.182, 0.226, 0.208, 0.176, 0.17, 0.198, 0.18, 0.19, 0.20040080160320642]"
