eigenvector_centrality,"[0, 1, 12, 2, 17]"
0,"[0.09975062344139651, 0.1, 0.11, 0.0925, 0.085, 0.1, 0.0875, 0.125, 0.105, 0.1125, 0.0825, 0.1, 0.08, 0.0925, 0.075, 0.085, 0.075, 0.11, 0.08, 0.1, 0.1075, 0.1025, 0.105, 0.0925, 0.11278195488721804]"
