eigenvector_centrality,"[0, 1, 2, 4, 15]"
0,"[0.08229426433915212, 0.095, 0.075, 0.0925, 0.095, 0.115, 0.125, 0.0775, 0.095, 0.085, 0.0775, 0.1175, 0.1375, 0.0775, 0.075, 0.1125, 0.075, 0.11, 0.1, 0.08, 0.12, 0.105, 0.1, 0.0875, 0.07769423558897243]"
1,"[0.10473815461346633, 0.0875, 0.0975, 0.105, 0.0725, 0.08, 0.1125, 0.0975, 0.0975, 0.1125, 0.1075, 0.08, 0.085, 0.0975, 0.11, 0.1125, 0.09, 0.1, 0.1, 0.13, 0.1525, 0.105, 0.09, 0.1, 0.15288220551378445]"
2,"[0.08229426433915212, 0.105, 0.125, 0.0925, 0.095, 0.1725, 0.125, 0.0775, 0.1925, 0.085, 0.11, 0.1175, 0.085, 0.1375, 0.075, 0.1175, 0.09, 0.11, 0.0925, 0.08, 0.1, 0.1075, 0.1, 0.0875, 0.07769423558897243]"
